"","X","STATE00","COUNTY00","TRACT00","GEOID00","POP00","HU00","PART00","AREA00","AREALAND00","STATE10","COUNTY10","TRACT10","GEOID10","POP10","HU10","PART10","AREA10","AREALAND10","AREAPT","AREALANDPT","AREAPCT00PT","ARELANDPCT00PT","AREAPCT10PT","AREALANDPCT10PT","POP10PT","POPPCT00","POPPCT10","HU10PT","HUPCT00","HUPCT10"
"11",155,4,13,20202,4013020202,6290,2608,"P",217954205,211205325,4,13,941300,4013941300,6293,2609,"P",218380934,211256593,217676841,210932537,99.87,99.87,99.68,99.85,6290,100,99.95,2608,100,99.96
"50",194,4,13,30338,4013030338,6719,2853,"P",14374366,14335332,4,13,614400,4013614400,3567,1477,"P",2249763,2249763,8444,8444,0.06,0.06,0.38,0.38,23,0.34,0.64,10,0.35,0.68
"54",198,4,13,30341,4013030341,2817,2252,"W",2616776,2613232,4,13,615500,4013615500,2817,2252,"P",2617223,2613679,2616776,2613232,100,100,99.98,99.98,2817,100,100,2252,100,100
"55",199,4,13,30342,4013030342,40790,15968,"P",172549579,172351352,4,13,610800,4013610800,3505,1306,"P",52233803,52148007,288,288,0,0,0,0,0,0,0,0,0,0
"72",216,4,13,30345,4013030345,4891,1991,"W",5224065,5214323,4,13,614200,4013614200,4891,1991,"P",5224739,5214997,5224065,5214323,100,100,99.99,99.99,4891,100,100,1991,100,100
"75",219,4,13,30347,4013030347,2991,1214,"W",2068902,1964395,4,13,615700,4013615700,2991,1214,"P",2081086,1964395,2068902,1964395,100,100,99.41,100,2991,100,100,1214,100,100
"79",223,4,13,30351,4013030351,3318,1731,"P",2546800,2523129,4,13,617600,4013617600,6106,2834,"P",2573003,2570023,15,15,0,0,0,0,0,0,0,0,0,0
"96",240,4,13,30365,4013030365,2299,981,"P",2308059,2301272,4,13,612900,4013612900,2409,988,"P",2475511,2475511,22836,22836,0.99,0.99,0.92,0.92,28,1.22,1.16,14,1.43,1.42
"98",242,4,13,30367,4013030367,11146,4457,"P",36939963,36920788,4,13,612400,4013612400,6840,2716,"P",55886574,55860096,30111162,30091987,81.51,81.5,53.88,53.87,6840,61.37,100,2716,60.94,100
"103",247,4,13,30369,4013030369,2272,1639,"P",2705175,2703428,4,13,617400,4013617400,6813,4368,"P",6822711,6779537,32830,32830,1.21,1.21,0.48,0.48,13,0.57,0.19,9,0.55,0.21
"110",254,4,13,30373,4013030373,6154,2075,"W",4161936,4161936,4,13,613900,4013613900,6154,2075,"P",4177816,4177816,4161936,4161936,100,100,99.62,99.62,6154,100,100,2075,100,100
"112",256,4,13,30374,4013030374,5911,1840,"P",4895937,4895937,4,13,611400,4013611400,6232,2272,"P",5360576,5360576,45,45,0,0,0,0,0,0,0,0,0,0
"113",257,4,13,30375,4013030375,15292,5310,"P",89827343,88928737,4,13,610000,4013610000,7044,2568,"P",324993459,321100691,65865,65865,0.07,0.07,0.02,0.02,0,0,0,0,0,0
"114",258,4,13,30375,4013030375,15292,5310,"P",89827343,88928737,4,13,610800,4013610800,3505,1306,"P",52233803,52148007,52029468,51943672,57.92,58.41,99.61,99.61,3505,22.92,100,1306,24.6,100
"118",262,4,13,30375,4013030375,15292,5310,"P",89827343,88928737,4,13,611200,4013611200,5911,1840,"P",4903426,4903426,7534,7534,0.01,0.01,0.15,0.15,0,0,0,0,0,0
"119",263,4,13,30375,4013030375,15292,5310,"P",89827343,88928737,4,13,611300,4013611300,4659,2189,"P",56179370,56145529,2078,2078,0,0,0,0,0,0,0,0,0,0
"120",264,4,13,30375,4013030375,15292,5310,"P",89827343,88928737,4,13,611400,4013611400,6232,2272,"P",5360576,5360576,27162,27162,0.03,0.03,0.51,0.51,0,0,0,0,0,0
"121",265,4,13,30375,4013030375,15292,5310,"P",89827343,88928737,4,13,613400,4013613400,3937,1553,"P",3912685,3911586,86426,86426,0.1,0.1,2.21,2.21,15,0.1,0.38,5,0.09,0.32
"122",266,4,13,30375,4013030375,15292,5310,"P",89827343,88928737,4,13,613500,4013613500,4082,1737,"P",2602313,2602313,28796,28796,0.03,0.03,1.11,1.11,14,0.09,0.34,4,0.08,0.23
"124",268,4,13,30378,4013030378,35086,14203,"P",83758586,83703550,4,13,610000,4013610000,7044,2568,"P",324993459,321100691,21031,21031,0.03,0.03,0.01,0.01,0,0,0,0,0,0
"131",275,4,13,30378,4013030378,35086,14203,"P",83758586,83703550,4,13,610700,4013610700,7193,2989,"P",106350829,106335787,86032,86032,0.1,0.1,0.08,0.08,22,0.06,0.31,10,0.07,0.33
"132",276,4,13,30379,4013030379,3495,1548,"P",5710856,5701732,4,13,614900,4013614900,3495,1548,"P",5705704,5696580,5699613,5690489,99.8,99.8,99.89,99.89,3495,100,100,1548,100,100
"133",277,4,13,30379,4013030379,3495,1548,"P",5710856,5701732,4,13,616900,4013616900,4288,2224,"P",2753682,2753682,11243,11243,0.2,0.2,0.41,0.41,0,0,0,0,0,0
"134",278,4,13,30380,4013030380,2612,1491,"W",14955208,14896402,4,13,614700,4013614700,2612,1491,"P",14979617,14920811,14955208,14896402,100,100,99.84,99.84,2612,100,100,1491,100,100
"143",287,4,13,40507,4013040507,6097,4689,"W",7626201,7609381,4,13,40507,4013040507,6097,4689,"P",7628004,7611184,7626201,7609381,100,100,99.98,99.98,6097,100,100,4689,100,100
"146",290,4,13,40509,4013040509,41726,20791,"P",3540098434,3535679973,4,13,40513,4013040513,3031,2172,"P",3767797,3767797,1402,1402,0,0,0.04,0.04,0,0,0,0,0,0
"157",301,4,13,40509,4013040509,41726,20791,"P",3540098434,3535679973,4,25,1402,4025001402,3496,2425,"P",2722294907,2719460361,9,0,0,0,0,0,0,0,0,0,0,0
"165",309,4,13,50601,4013050601,31027,11402,"P",202398189,202398189,4,13,50605,4013050605,5828,2382,"P",661598629,661473475,163727,163727,0.08,0.08,0.02,0.02,93,0.3,1.6,27,0.24,1.13
"172",316,4,13,50602,4013050602,16261,6286,"P",1000342385,1000007947,4,13,40516,4013040516,2856,1962,"P",378831764,378544744,1799281,1799281,0.18,0.18,0.47,0.48,0,0,0,0,0,0
"174",318,4,13,50602,4013050602,16261,6286,"P",1000342385,1000007947,4,13,50605,4013050605,5828,2382,"P",661598629,661473475,661093107,660977076,66.09,66.1,99.92,99.92,5735,35.27,98.4,2355,37.46,98.87
"176",320,4,13,50602,4013050602,16261,6286,"P",1000342385,1000007947,4,13,50609,4013050609,4874,2114,"P",10904220,10904220,701738,701738,0.07,0.07,6.44,6.44,0,0,0,0,0,0
"179",323,4,13,50700,4013050700,10372,3966,"P",15381195,15381195,4,13,50701,4013050701,5092,1907,"P",7335055,7335055,7311504,7311504,47.54,47.54,99.68,99.68,5092,49.09,100,1907,48.08,100
"183",327,4,13,60900,4013060900,16956,5337,"P",5973914,5960142,4,13,60802,4013060802,1975,737,"P",4106344,4013059,166891,160649,2.79,2.7,4.06,4,0,0,0,0,0,0
"199",343,4,13,61005,4013061005,16184,5890,"P",75736351,75694841,4,13,50606,4013050606,6799,2495,"P",26948278,26944113,1178,1178,0,0,0,0,0,0,0,0,0,0
"202",346,4,13,61005,4013061005,16184,5890,"P",75736351,75694841,4,13,61018,4013061018,4660,3169,"P",7750561,7729744,7744200,7723383,10.23,10.2,99.92,99.92,4660,28.79,100,3169,53.8,100
"204",348,4,13,61005,4013061005,16184,5890,"P",75736351,75694841,4,13,61020,4013061020,3835,1312,"P",2440677,2440677,154348,154348,0.2,0.2,6.32,6.32,253,1.56,6.6,83,1.41,6.33
"205",349,4,13,61006,4013061006,37851,14100,"P",116430520,115867592,4,13,50605,4013050605,5828,2382,"P",661598629,661473475,120,120,0,0,0,0,0,0,0,0,0,0
"206",350,4,13,61006,4013061006,37851,14100,"P",116430520,115867592,4,13,60904,4013060904,3527,1145,"P",1429977,1429977,8975,8975,0.01,0.01,0.63,0.63,36,0.1,1.02,9,0.06,0.79
"218",362,4,13,61007,4013061007,55224,19848,"P",57339377,57213268,4,13,50605,4013050605,5828,2382,"P",661598629,661473475,1606,1606,0,0,0,0,0,0,0,0,0,0
"221",365,4,13,61007,4013061007,55224,19848,"P",57339377,57213268,4,13,61031,4013061031,3315,1243,"P",23076425,23004501,23074753,23002829,40.24,40.21,99.99,99.99,3315,6,100,1243,6.26,100
"235",379,4,13,61100,4013061100,3118,2400,"P",9731060,9730942,4,13,61011,4013061011,5705,1845,"P",15925694,15640428,27802,27802,0.29,0.29,0.17,0.18,0,0,0,0,0,0
"236",380,4,13,61100,4013061100,3118,2400,"P",9731060,9730942,4,13,61045,4013061045,4960,1783,"P",41160604,41043832,317184,317184,3.26,3.26,0.77,0.77,0,0,0,0,0,0
"237",381,4,13,61100,4013061100,3118,2400,"P",9731060,9730942,4,13,61046,4013061046,5183,2043,"P",2566639,2566639,22790,22790,0.23,0.23,0.89,0.89,0,0,0,0,0,0
"238",382,4,13,61100,4013061100,3118,2400,"P",9731060,9730942,4,13,61100,4013061100,3436,2576,"P",10104212,10104094,9363284,9363166,96.22,96.22,92.67,92.67,3118,100,90.75,2400,100,93.17
"241",385,4,13,61300,4013061300,1784,646,"W",3659593,3659593,4,13,61300,4013061300,1930,726,"P",3729925,3729925,3659593,3659593,100,100,98.11,98.11,1784,100,92.44,646,100,88.98
"242",386,4,13,61400,4013061400,7477,2552,"P",2999139,2996213,4,13,61300,4013061300,1930,726,"P",3729925,3729925,17761,17761,0.59,0.59,0.48,0.48,0,0,0,0,0,0
"247",391,4,13,71505,4013071505,5966,4208,"P",6281443,6262594,4,13,60802,4013060802,1975,737,"P",4106344,4013059,337279,336007,5.37,5.37,8.21,8.37,0,0,0,0,0,0
"249",393,4,13,71505,4013071505,5966,4208,"P",6281443,6262594,4,13,617400,4013617400,6813,4368,"P",6822711,6779537,17362,17362,0.28,0.28,0.25,0.26,2,0.03,0.03,1,0.02,0.02
"253",397,4,13,71508,4013071508,7695,3544,"P",5545461,5527935,4,13,71506,4013071506,4260,2876,"P",4204215,4182243,1004,1004,0.02,0.02,0.02,0.02,0,0,0,0,0,0
"261",405,4,13,71600,4013071600,3656,1956,"P",2650314,2634129,4,13,61042,4013061042,2120,1561,"P",2110369,2106065,9732,9732,0.37,0.37,0.46,0.46,0,0,0,0,0,0
"262",406,4,13,71600,4013071600,3656,1956,"P",2650314,2634129,4,13,71600,4013071600,3668,1959,"P",2645791,2629606,2640582,2624397,99.63,99.63,99.8,99.8,3656,100,99.67,1956,100,99.85
"263",407,4,13,71700,4013071700,5853,3630,"P",5989035,5980113,4,13,61043,4013061043,2452,799,"P",14051597,13990599,523927,523927,8.75,8.76,3.73,3.74,0,0,0,0,0,0
"297",441,4,13,82100,4013082100,6545,2168,"P",10214540,10214540,4,13,83000,4013083000,6545,2169,"P",12809617,12809617,10214518,10214518,100,100,79.74,79.74,6545,100,100,2168,100,99.95
"316",460,4,13,92310,4013092310,3285,1503,"P",2591819,2591819,4,13,92312,4013092312,5001,2772,"P",1832031,1832031,61,61,0,0,0,0,0,0,0,0,0,0
"321",465,4,13,92600,4013092600,3177,1246,"P",2513861,2513861,4,13,92500,4013092500,4935,2054,"P",2631640,2631640,70,70,0,0,0,0,0,0,0,0,0,0
"324",468,4,13,92600,4013092600,3177,1246,"P",2513861,2513861,4,13,93200,4013093200,3355,1534,"P",5193253,5193253,99,99,0,0,0,0,0,0,0,0,0,0
"327",471,4,13,92704,4013092704,70,31,"W",2601396,2601396,4,13,93200,4013093200,3355,1534,"P",5193253,5193253,2601396,2601396,100,100,50.09,50.09,70,100,2.09,31,100,2.02
"328",472,4,13,92705,4013092705,3702,1435,"W",2592455,2592455,4,13,92705,4013092705,3702,1435,"P",2592988,2592988,2592455,2592455,100,100,99.98,99.98,3702,100,100,1435,100,100
"329",473,4,13,92706,4013092706,11497,4681,"P",28864675,28856113,4,13,82002,4013082002,5807,2376,"P",2647170,2615397,38242,38242,0.13,0.13,1.44,1.46,12,0.1,0.21,4,0.09,0.17
"330",474,4,13,92706,4013092706,11497,4681,"P",28864675,28856113,4,13,82016,4013082016,2348,707,"P",5198523,5196668,5620,5620,0.02,0.02,0.11,0.11,0,0,0,0,0,0
"334",478,4,13,92707,4013092707,7586,3379,"P",5826144,5816804,4,13,61043,4013061043,2452,799,"P",14051597,13990599,788067,784741,13.53,13.49,5.61,5.61,0,0,0,0,0,0
"347",491,4,13,92900,4013092900,2866,1145,"P",2636616,2636616,4,13,92801,4013092801,4756,1718,"P",1256230,1256230,114,114,0,0,0.01,0.01,0,0,0,0,0,0
"355",499,4,13,93104,4013093104,4385,1830,"W",3914385,3914385,4,13,93104,4013093104,4385,1830,"P",3925974,3925974,3914385,3914385,100,100,99.7,99.7,4385,100,100,1830,100,100
"363",507,4,13,103209,4013103209,5353,2545,"P",6628912,6507997,4,13,216831,4013216831,2896,1386,"P",4729811,4724241,30712,30712,0.46,0.47,0.65,0.65,0,0,0,0,0,0
"378",522,4,13,103400,4013103400,4656,1842,"P",2728699,2723900,4,13,103302,4013103302,6246,2506,"P",2499629,2499629,5380,5380,0.2,0.2,0.22,0.22,0,0,0,0,0,0
"401",545,4,13,104205,4013104205,5156,2603,"P",3495511,3376808,4,13,104206,4013104206,3813,1474,"P",1636068,1625210,115,33,0,0,0.01,0,0,0,0,0,0,0
"402",546,4,13,104206,4013104206,3813,1474,"W",1635106,1624330,4,13,104206,4013104206,3813,1474,"P",1636068,1625210,1635106,1624330,100,100,99.94,99.95,3813,100,100,1474,100,100
"437",581,4,13,105103,4013105103,3017,1386,"W",9678040,9667991,4,13,105103,4013105103,3017,1386,"P",9851838,9841789,9678040,9667991,100,100,98.24,98.23,3017,100,100,1386,100,100
"438",582,4,13,105200,4013105200,5819,3019,"W",4058521,4048321,4,13,105200,4013105200,5819,3019,"P",4058551,4048351,4058521,4048321,100,100,100,100,5819,100,100,3019,100,100
"444",588,4,13,105601,4013105601,3791,1229,"P",1284365,1284365,4,13,104205,4013104205,5156,2603,"P",3496002,3377381,606,606,0.05,0.05,0.02,0.02,0,0,0,0,0,0
"479",623,4,13,107900,4013107900,3703,1993,"P",8101249,8096730,4,13,105002,4013105002,2574,1290,"P",7934904,7932435,154506,154506,1.91,1.91,1.95,1.95,2,0.05,0.08,1,0.05,0.08
"493",637,4,13,108801,4013108801,2365,1444,"W",825937,820873,4,13,117100,4013117100,2600,1444,"P",1604757,1594695,825937,820873,100,100,51.47,51.48,2365,100,90.96,1444,100,100
"503",647,4,13,109300,4013109300,4670,1153,"P",2569561,2569561,4,13,93104,4013093104,4385,1830,"P",3925974,3925974,5392,5392,0.21,0.21,0.14,0.14,0,0,0,0,0,0
"509",653,4,13,109603,4013109603,4450,1247,"P",1331812,1331812,4,13,109601,4013109601,4723,1411,"P",1231149,1231149,251,251,0.02,0.02,0.02,0.02,0,0,0,0,0,0
"524",668,4,13,110300,4013110300,7106,2861,"P",2545785,2532649,4,13,116900,4013116900,2387,655,"P",3191286,3171279,611973,608089,24.04,24.01,19.18,19.17,1428,20.1,59.82,391,13.67,59.69
"537",681,4,13,111100,4013111100,4376,2058,"P",3209483,3164578,4,13,111000,4013111000,4745,2428,"P",2624346,2624346,340,340,0.01,0.01,0.01,0.01,0,0,0,0,0,0
"555",699,4,13,112000,4013112000,1652,797,"P",2603017,2603017,4,13,116900,4013116900,2387,655,"P",3191286,3171279,179,179,0.01,0.01,0.01,0.01,0,0,0,0,0,0
"557",701,4,13,112100,4013112100,3838,1035,"P",2590619,2590619,4,13,116900,4013116900,2387,655,"P",3191286,3171279,98,98,0,0,0,0,0,0,0,0,0,0
"568",712,4,13,112506,4013112506,31447,10902,"P",68346643,68273967,4,13,109702,4013109702,5053,1308,"P",1405623,1405623,40,40,0,0,0,0,0,0,0,0,0,0
"570",714,4,13,112506,4013112506,31447,10902,"P",68346643,68273967,4,13,112510,4013112510,4162,1214,"P",10290012,10290012,10289990,10289990,15.06,15.07,100,100,4162,13.23,100,1214,11.14,100
"580",724,4,13,112800,4013112800,1003,372,"W",2623542,2623542,4,13,116800,4013116800,2655,1169,"P",5226380,5226380,2623542,2623542,100,100,50.2,50.2,1003,100,37.78,372,100,31.82
"591",735,4,13,113500,4013113500,6968,2271,"P",1905723,1901625,4,13,113502,4013113502,2638,802,"P",638472,638472,621809,621809,32.63,32.7,97.39,97.39,2552,36.62,96.74,776,34.17,96.76
"594",738,4,13,113602,4013113602,3400,1107,"P",1068372,1055821,4,13,113501,4013113501,4416,1495,"P",1284222,1280124,308,308,0.03,0.03,0.02,0.02,0,0,0,0,0,0
"595",739,4,13,113602,4013113602,3400,1107,"P",1068372,1055821,4,13,113602,4013113602,3400,1107,"P",1072558,1059945,1068064,1055513,99.97,99.97,99.58,99.58,3400,100,100,1107,100,100
"601",745,4,13,113800,4013113800,2152,1259,"P",18875866,18781408,4,13,320100,4013320100,2558,1652,"P",4885392,4796624,3603,3603,0.02,0.02,0.07,0.08,0,0,0,0,0,0
"606",750,4,13,114200,4013114200,1539,562,"W",1283140,1283140,4,13,114200,4013114200,1539,562,"P",1283912,1283912,1283140,1283140,100,100,99.94,99.94,1539,100,100,562,100,100
"614",758,4,13,114702,4013114702,853,277,"W",584017,584017,4,13,117300,4013117300,1677,517,"P",8190697,8068230,584017,584017,100,100,7.13,7.24,853,100,50.86,277,100,53.58
"619",763,4,13,115100,4013115100,56,25,"W",3590135,3590135,4,13,117200,4013117200,1353,513,"P",6630458,6624811,3590135,3590135,100,100,54.15,54.19,56,100,4.14,25,100,4.87
"621",765,4,13,115200,4013115200,2623,950,"P",7240346,7149744,4,13,319704,4013319704,1483,721,"P",7899156,7855127,4198,4198,0.06,0.06,0.05,0.05,0,0,0,0,0,0
"655",799,4,13,116705,4013116705,4149,1594,"P",75761207,75757446,4,13,116611,4013116611,3217,1199,"P",12668790,12668790,3516433,3516433,4.64,4.64,27.76,27.76,420,10.12,13.06,179,11.23,14.93
"661",805,4,13,116709,4013116709,1789,931,"P",1203480,1203480,4,13,320002,4013320002,5523,1376,"P",2086386,2086386,20782,20782,1.73,1.73,1,1,0,0,0,0,0,0
"681",825,4,13,216802,4013216802,6040,3294,"P",7297403,7291833,4,13,103209,4013103209,5353,2545,"P",6579557,6458642,471,471,0.01,0.01,0.01,0.01,0,0,0,0,0,0
"682",826,4,13,216802,4013216802,6040,3294,"P",7297403,7291833,4,13,216830,4013216830,3144,1908,"P",2617013,2617013,2597899,2597899,35.6,35.63,99.27,99.27,3144,52.05,100,1908,57.92,100
"683",827,4,13,216802,4013216802,6040,3294,"P",7297403,7291833,4,13,216831,4013216831,2896,1386,"P",4729811,4724241,4699033,4693463,64.39,64.37,99.35,99.35,2896,47.95,100,1386,42.08,100
"686",830,4,13,216807,4013216807,4911,2667,"P",4102304,4102304,4,13,941300,4013941300,6293,2609,"P",218380934,211256593,24337,24337,0.59,0.59,0.01,0.01,0,0,0,0,0,0
"688",832,4,13,216809,4013216809,4941,2263,"P",9387730,9387730,4,13,216821,4013216821,5737,3283,"P",15650395,15649417,2852,2852,0.03,0.03,0.02,0.02,0,0,0,0,0,0
"690",834,4,13,216809,4013216809,4941,2263,"P",9387730,9387730,4,13,941300,4013941300,6293,2609,"P",218380934,211256593,137562,137562,1.47,1.47,0.06,0.07,0,0,0,0,0,0
"692",836,4,13,216810,4013216810,1318,1272,"P",1906515,1906515,4,13,941300,4013941300,6293,2609,"P",218380934,211256593,41055,41055,2.15,2.15,0.02,0.02,0,0,0,0,0,0
"694",838,4,13,216811,4013216811,6766,4107,"P",5280428,5145932,4,13,216833,4013216833,4498,2284,"P",3234758,3234758,3222506,3222506,61.03,62.62,99.62,99.62,4498,66.48,100,2284,55.61,100
"695",839,4,13,216811,4013216811,6766,4107,"P",5280428,5145932,4,13,941300,4013941300,6293,2609,"P",218380934,211256593,95765,95765,1.81,1.86,0.04,0.05,0,0,0,0,0,0
"701",845,4,13,216814,4013216814,8286,4496,"P",6973288,6971081,4,13,216848,4013216848,6026,2637,"P",13470693,13470693,193058,193058,2.77,2.77,1.43,1.43,98,1.18,1.63,40,0.89,1.52
"706",850,4,13,216815,4013216815,8744,3772,"P",6097923,6097923,4,13,216849,4013216849,6736,2838,"P",33225023,33224191,69083,69083,1.13,1.13,0.21,0.21,0,0,0,0,0,0
"707",851,4,13,216816,4013216816,5531,2227,"W",16123124,16117993,4,13,216816,4013216816,5531,2227,"P",16127204,16122073,16123124,16117993,100,100,99.97,99.97,5531,100,100,2227,100,100
"709",853,4,13,216818,4013216818,6644,4425,"W",8416800,8416800,4,13,216818,4013216818,6644,4425,"P",8420236,8420236,8416800,8416800,100,100,99.96,99.96,6644,100,100,4425,100,100
"711",855,4,13,216819,4013216819,6450,3176,"P",27718614,27608951,4,13,216848,4013216848,6026,2637,"P",13470693,13470693,804848,804848,2.9,2.92,5.97,5.97,364,5.64,6.04,198,6.23,7.51
"712",856,4,13,216819,4013216819,6450,3176,"P",27718614,27608951,4,13,980700,4013980700,4,3,"P",84926655,84897037,3263410,3261519,11.77,11.81,3.84,3.84,0,0,0,0,0,0
"714",858,4,13,216821,4013216821,5737,3283,"W",15501658,15500680,4,13,216821,4013216821,5737,3283,"P",15650395,15649417,15501658,15500680,100,100,99.05,99.05,5737,100,100,3283,100,100
"722",866,4,13,216825,4013216825,18883,8383,"P",52358546,52357714,4,13,216809,4013216809,4939,2263,"P",9280241,9280241,38659,38659,0.07,0.07,0.42,0.42,3,0.02,0.06,1,0.01,0.04
"723",867,4,13,216825,4013216825,18883,8383,"P",52358546,52357714,4,13,216837,4013216837,4608,2974,"P",2469716,2469716,5174,5174,0.01,0.01,0.21,0.21,0,0,0,0,0,0
"725",869,4,13,216825,4013216825,18883,8383,"P",52358546,52357714,4,13,216848,4013216848,6026,2637,"P",13470693,13470693,12467053,12467053,23.81,23.81,92.55,92.55,5559,29.44,92.25,2398,28.61,90.94
"726",870,4,13,216825,4013216825,18883,8383,"P",52358546,52357714,4,13,216849,4013216849,6736,2838,"P",33225023,33224191,33011045,33010213,63.05,63.05,99.36,99.36,6736,35.67,100,2838,33.85,100
"732",876,4,13,216828,4013216828,13235,6875,"P",88931918,88924967,4,13,216846,4013216846,6585,3146,"P",6861701,6861701,25086,25086,0.03,0.03,0.37,0.37,0,0,0,0,0,0
"735",879,4,13,216829,4013216829,4737,3236,"P",93425812,93398174,4,13,216829,4013216829,4690,3183,"P",93113359,93085721,93111909,93084271,99.66,99.66,100,100,4690,99.01,100,3183,98.36,100
"736",880,4,13,216829,4013216829,4737,3236,"P",93425812,93398174,4,13,216843,4013216843,3314,2170,"P",24035926,24028975,313903,313903,0.34,0.34,1.31,1.31,47,0.99,1.42,53,1.64,2.44
"746",890,4,13,217300,4013217300,2755,2633,"P",2503794,2466422,4,13,105002,4013105002,2574,1290,"P",7934904,7932435,8739,8739,0.35,0.35,0.11,0.11,0,0,0,0,0,0
"748",892,4,13,217400,4013217400,3085,2024,"W",2168841,2165321,4,13,217400,4013217400,3085,2024,"P",2189349,2180505,2168841,2165321,100,100,99.06,99.3,3085,100,100,2024,100,100
"758",902,4,13,218300,4013218300,3953,2820,"P",2197662,2192128,4,13,218300,4013218300,3953,2820,"P",2244217,2238683,2194173,2188639,99.84,99.84,97.77,97.76,3953,100,100,2820,100,100
"759",903,4,13,218300,4013218300,3953,2820,"P",2197662,2192128,4,13,941300,4013941300,6293,2609,"P",218380934,211256593,3489,3489,0.16,0.16,0,0,0,0,0,0,0,0
"760",904,4,13,318400,4013318400,4650,2396,"P",8567006,8329216,4,13,318400,4013318400,4650,2396,"P",8626008,8388218,8566770,8328980,100,100,99.31,99.29,4650,100,100,2396,100,100
"761",905,4,13,318400,4013318400,4650,2396,"P",8567006,8329216,4,13,421201,4013421201,4806,2670,"P",5455731,4566480,236,236,0,0,0,0.01,0,0,0,0,0,0
"763",907,4,13,318502,4013318502,1864,1186,"W",951591,951591,4,13,320100,4013320100,2558,1652,"P",4885392,4796624,951591,951591,100,100,19.48,19.84,1864,100,72.87,1186,100,71.79
"764",908,4,13,318600,4013318600,492,324,"W",3254110,3187696,4,13,320100,4013320100,2558,1652,"P",4885392,4796624,3254110,3187696,100,100,66.61,66.46,492,100,19.23,324,100,19.61
"766",910,4,13,318800,4013318800,6259,3799,"P",3031237,3003680,4,13,318800,4013318800,6057,3657,"P",2572002,2566799,2570812,2565609,84.81,85.42,99.95,99.95,6057,96.77,100,3657,96.26,100
"767",911,4,13,318800,4013318800,6259,3799,"P",3031237,3003680,4,13,320100,4013320100,2558,1652,"P",4885392,4796624,460425,438071,15.19,14.58,9.42,9.13,202,3.23,7.9,142,3.74,8.6
"775",919,4,13,319300,4013319300,2420,1080,"P",1169780,1169780,4,13,319201,4013319201,5305,2920,"P",1324914,1324914,37402,37402,3.2,3.2,2.82,2.82,0,0,0,0,0,0
"776",920,4,13,319300,4013319300,2420,1080,"P",1169780,1169780,4,13,319202,4013319202,3232,2326,"P",1325010,1325010,39203,39203,3.35,3.35,2.96,2.96,0,0,0,0,0,0
"781",925,4,13,319404,4013319404,3333,1671,"P",2262555,2262555,4,13,319402,4013319402,4088,1636,"P",2621524,2621524,112174,112174,4.96,4.96,4.28,4.28,0,0,0,0,0,0
"782",926,4,13,319404,4013319404,3333,1671,"P",2262555,2262555,4,13,319403,4013319403,4520,2041,"P",2666449,2657427,104443,104443,4.62,4.62,3.92,3.93,0,0,0,0,0,0
"789",933,4,13,319704,4013319704,1483,721,"P",7903615,7859586,4,13,113802,4013113802,17,4,"P",13548906,13477509,22633,22633,0.29,0.29,0.17,0.17,0,0,0,0,0,0
"790",934,4,13,319704,4013319704,1483,721,"P",7903615,7859586,4,13,319704,4013319704,1483,721,"P",7899156,7855127,7880982,7836953,99.71,99.71,99.77,99.77,1483,100,100,721,100,100
"803",947,4,13,320001,4013320001,7023,3490,"W",2947487,2947487,4,13,320001,4013320001,7023,3490,"P",2948385,2948385,2947487,2947487,100,100,99.97,99.97,7023,100,100,3490,100,100
"804",948,4,13,320002,4013320002,5523,1376,"W",1987880,1987880,4,13,320002,4013320002,5523,1376,"P",2086386,2086386,1987880,1987880,100,100,95.28,95.28,5523,100,100,1376,100,100
"826",970,4,13,420209,4013420209,3980,2170,"P",2594922,2594355,4,13,420208,4013420208,5279,1936,"P",2590012,2590012,1570,1570,0.06,0.06,0.06,0.06,0,0,0,0,0,0
"837",981,4,13,420400,4013420400,6279,2363,"P",12921613,12350384,4,13,420402,4013420402,1625,519,"P",9823425,9282770,9823344,9282770,76.02,75.16,100,100,1625,25.88,100,519,21.96,100
"842",986,4,13,420603,4013420603,3682,1355,"P",2544343,2544343,4,13,420302,4013420302,4939,1667,"P",2573119,2568101,220,220,0.01,0.01,0.01,0.01,0,0,0,0,0,0
"859",1003,4,13,421201,4013421201,4806,2670,"P",5452485,4564348,4,13,421201,4013421201,4806,2670,"P",5455731,4566480,5448986,4564311,99.94,100,99.88,99.95,4806,100,100,2670,100,100
"860",1004,4,13,421201,4013421201,4806,2670,"P",5452485,4564348,4,13,941300,4013941300,6293,2609,"P",218380934,211256593,3499,37,0.06,0,0,0,0,0,0,0,0,0
"886",1030,4,13,422205,4013422205,1384,620,"P",1395825,1314190,4,13,319402,4013319402,4088,1636,"P",2621524,2621524,7647,7647,0.55,0.58,0.29,0.29,0,0,0,0,0,0
"890",1034,4,13,422211,4013422211,2679,1204,"P",2601074,2601074,4,13,319909,4013319909,2278,1001,"P",2644804,2572898,56142,56142,2.16,2.16,2.12,2.18,0,0,0,0,0,0
"892",1036,4,13,422212,4013422212,4142,1789,"P",2324709,2137225,4,13,319904,4013319904,4865,1990,"P",2598024,2586854,62789,62789,2.7,2.94,2.42,2.43,0,0,0,0,0,0
"894",1038,4,13,422213,4013422213,2455,960,"P",1295791,1270883,4,13,319906,4013319906,3173,1424,"P",2538665,2514406,3610,3610,0.28,0.28,0.14,0.14,0,0,0,0,0,0
"895",1039,4,13,422213,4013422213,2455,960,"P",1295791,1270883,4,13,422213,4013422213,2455,960,"P",1307462,1282554,1292181,1267273,99.72,99.72,98.83,98.81,2455,100,100,960,100,100
"901",1045,4,13,422218,4013422218,3098,1195,"P",1382951,1382951,4,13,319906,4013319906,3173,1424,"P",2538665,2514406,28020,28020,2.03,2.03,1.1,1.11,3,0.1,0.09,2,0.17,0.14
"904",1048,4,13,422220,4013422220,1974,811,"P",1297931,1297931,4,13,422217,4013422217,3527,1608,"P",1289817,1289817,26,26,0,0,0,0,0,0,0,0,0,0
"924",1068,4,13,422508,4013422508,3585,1336,"W",2389817,2389817,4,13,422508,4013422508,3670,1359,"P",2525053,2525053,2389817,2389817,100,100,94.64,94.64,3585,100,97.68,1336,100,98.31
"949",1093,4,13,422608,4013422608,13568,7313,"P",12773444,12716134,4,13,422636,4013422636,2489,1273,"P",2714172,2714172,2481041,2481041,19.42,19.51,91.41,91.41,2489,18.34,100,1273,17.41,100
"959",1103,4,13,422612,4013422612,9049,3045,"P",7631619,7631619,4,13,422622,4013422622,4237,1487,"P",2541399,2541399,2537798,2537798,33.25,33.25,99.86,99.86,4237,46.82,100,1487,48.83,100
"964",1108,4,13,422615,4013422615,6732,2618,"P",5178132,5150703,4,13,422630,4013422630,3870,2437,"P",2043689,2043689,9359,9359,0.18,0.18,0.46,0.46,34,0.51,0.88,16,0.61,0.66
"965",1109,4,13,422616,4013422616,4513,2575,"P",5280730,5217706,4,13,422616,4013422616,4513,2575,"P",5321701,5258677,5276970,5213946,99.93,99.93,99.16,99.15,4513,100,100,2575,100,100
"966",1110,4,13,422616,4013422616,4513,2575,"P",5280730,5217706,4,13,422644,4013422644,7287,3371,"P",7788410,7784176,3760,3760,0.07,0.07,0.05,0.05,0,0,0,0,0,0
"977",1121,4,13,522709,4013522709,1711,665,"W",2781735,2781735,4,13,810000,4013810000,1711,665,"P",2807185,2807185,2781735,2781735,100,100,99.09,99.09,1711,100,100,665,100,100
"985",1129,4,13,522715,4013522715,2429,1356,"P",2771678,2771678,4,13,811100,4013811100,2225,894,"P",2537553,2537553,60681,60681,2.19,2.19,2.39,2.39,0,0,0,0,0,0
"992",1136,4,13,522717,4013522717,10171,4349,"P",7962667,7760522,4,13,813000,4013813000,2699,1453,"P",5871307,5871307,28061,28061,0.35,0.36,0.48,0.48,0,0,0,0,0,0
"993",1137,4,13,522717,4013522717,10171,4349,"P",7962667,7760522,4,13,980500,4013980500,0,0,"P",3485678,3485678,1177819,1177819,14.79,15.18,33.79,33.79,0,0,0,0,0,0
"996",1140,4,13,522720,4013522720,6272,2440,"W",5107141,5107141,4,13,810100,4013810100,6272,2440,"P",5135584,5135584,5107141,5107141,100,100,99.45,99.45,6272,100,100,2440,100,100
"997",1141,4,13,522721,4013522721,4676,1975,"P",9236586,9236586,4,13,810400,4013810400,4661,1969,"P",5342536,5342536,5321086,5321086,57.61,57.61,99.6,99.6,4661,99.68,100,1969,99.7,100
"1002",1146,4,13,522725,4013522725,3412,1436,"W",1279149,1279149,4,13,810200,4013810200,3412,1436,"P",1307756,1307756,1279149,1279149,100,100,97.81,97.81,3412,100,100,1436,100,100
"1003",1147,4,13,522726,4013522726,6775,2944,"W",2431814,2431814,4,13,810700,4013810700,6775,2944,"P",2512816,2512816,2431814,2431814,100,100,96.78,96.78,6775,100,100,2944,100,100
"1011",1155,4,13,522735,4013522735,2699,1453,"P",5167646,5167646,4,13,812900,4013812900,2963,1191,"P",1908206,1908206,759,759,0.01,0.01,0.04,0.04,0,0,0,0,0,0
"1012",1156,4,13,522735,4013522735,2699,1453,"P",5167646,5167646,4,13,813000,4013813000,2699,1453,"P",5871307,5871307,5154709,5154709,99.75,99.75,87.79,87.79,2699,100,100,1453,100,100
"1013",1157,4,13,522735,4013522735,2699,1453,"P",5167646,5167646,4,13,817300,4013817300,5248,3612,"P",5176792,5169172,12178,12178,0.24,0.24,0.24,0.24,0,0,0,0,0,0
"1041",1185,4,13,522745,4013522745,65668,23351,"P",83444845,83390719,4,13,522800,4013522800,1685,690,"P",15615593,15603102,111982,111982,0.13,0.13,0.72,0.72,0,0,0,0,0,0
"1048",1192,4,13,522745,4013522745,65668,23351,"P",83444845,83390719,4,13,815900,4013815900,5981,1861,"P",11790095,11790095,10463531,10463531,12.54,12.55,88.75,88.75,5509,8.39,92.11,1704,7.3,91.56
"1060",1204,4,13,522746,4013522746,23966,7760,"P",51457566,51403868,4,13,817600,4013817600,998,308,"P",45116894,45030861,80666,80666,0.16,0.16,0.18,0.18,0,0,0,0,0,0
"1061",1205,4,13,522747,4013522747,6151,1934,"P",26837118,26768078,4,13,816900,4013816900,3393,1037,"P",24417946,24398767,58559,58559,0.22,0.22,0.24,0.24,0,0,0,0,0,0
"1063",1207,4,13,522748,4013522748,2500,883,"W",1270771,1270771,4,13,811500,4013811500,2500,883,"P",1270824,1270824,1270771,1270771,100,100,100,100,2500,100,100,883,100,100
"1065",1209,4,13,522757,4013522757,712,232,"P",37416643,37359234,4,13,522800,4013522800,1685,690,"P",15615593,15603102,340675,340675,0.91,0.91,2.18,2.18,0,0,0,0,0,0
"1066",1210,4,13,522757,4013522757,712,232,"P",37416643,37359234,4,13,815200,4013815200,6720,2592,"P",5400666,5400666,1073,1073,0,0,0.02,0.02,0,0,0,0,0,0
"1067",1211,4,13,522757,4013522757,712,232,"P",37416643,37359234,4,13,817600,4013817600,998,308,"P",45116894,45030861,37074895,37017486,99.09,99.09,82.18,82.2,712,100,71.34,232,100,75.32
"1068",1212,4,13,522800,4013522800,1685,690,"P",15387430,15374939,4,13,522800,4013522800,1685,690,"P",15615593,15603102,15146509,15134018,98.43,98.43,97,96.99,1685,100,100,690,100,100
"1069",1213,4,13,522800,4013522800,1685,690,"P",15387430,15374939,4,13,817600,4013817600,998,308,"P",45116894,45030861,240921,240921,1.57,1.57,0.53,0.54,0,0,0,0,0,0
"1084",1228,4,13,723302,4013723302,12006,2669,"P",7287287586,7286897851,4,13,723303,4013723303,26,13,"P",40898476,40898476,5728467,5728467,0.08,0.08,14.01,14.01,0,0,0,0,0,0
"1085",1229,4,13,723302,4013723302,12006,2669,"P",7287287586,7286897851,4,13,723304,4013723304,4230,1515,"P",736250251,736250251,728249464,728249464,9.99,9.99,98.91,98.91,4002,33.33,94.61,1419,53.17,93.66
"1090",1234,4,13,940700,4013940700,151,58,"P",385717876,385560742,4,13,940700,4013940700,151,58,"P",386107318,385950184,385610583,385453449,99.97,99.97,99.87,99.87,151,100,100,58,100,100
"1091",1235,4,13,940700,4013940700,151,58,"P",385717876,385560742,4,13,980100,4013980100,0,0,"P",2912590778,2912583865,107293,107293,0.03,0.03,0,0,0,0,0,0,0,0
